{
    "vcs_paramclassrepository": [
        "vcs_paramclassrepository",
        "hEeZs",
        "module",
        1
    ],
    "_vcs_unit__448226456": [
        "_vcs_unit__448226456",
        "NzLPP",
        "module",
        2
    ],
    "std": [
        "std",
        "reYIK",
        "module",
        3
    ],
    "async_fifo": [
        "async_fifo",
        "h4Pec",
        "module",
        4
    ],
    "fifo_intf": [
        "fifo_intf",
        "ZiLWU",
        "module",
        5
    ],
    "fifo_pack": [
        "fifo_pack",
        "YtBr5",
        "module",
        6
    ],
    "fifo_top": [
        "fifo_top",
        "fukFP",
        "module",
        7
    ],
    "...MASTER...": [
        "SIM",
        "amcQw",
        "module",
        8
    ]
}